,time,chanel1,chanel2,chanel3,chanel4,chanel5,chanel6,chanel7,chanel8,position
0,53.86529278755188,32,40,39,88,45,31,41,28,1
1,53.87998151779175,32,44,48,97,56,34,43,31,1
2,53.90263342857361,33,44,50,94,58,34,43,33,1
3,53.926273584365845,31,39,49,95,62,35,42,34,1
4,54.02283954620361,34,40,37,55,44,37,39,32,1
5,54.04597806930542,30,39,37,57,46,37,40,34,1
6,54.067957401275635,32,37,36,51,44,38,38,35,1
7,54.08214712142944,34,37,35,44,44,38,39,35,1
8,54.10618495941162,36,33,36,48,46,38,34,35,1
9,54.12829947471619,38,36,33,45,44,39,35,36,1
10,54.142799615859985,39,41,38,55,48,45,37,36,1
11,54.16594576835632,40,45,39,55,47,42,39,38,1
12,54.1885826587677,38,49,42,60,52,42,39,37,1
13,54.20364737510681,32,48,40,55,46,38,33,35,1
14,54.22580695152283,29,47,39,56,46,36,31,32,1
15,54.24777674674988,30,45,41,46,44,28,34,34,1
16,54.26304793357849,30,41,40,47,44,28,37,37,1
17,54.30969858169556,30,38,39,42,40,28,40,36,1
18,54.31169295310974,28,37,39,44,41,27,43,36,1
19,54.32268261909485,30,37,38,48,48,30,45,35,1
20,54.34602904319763,28,31,30,46,41,29,39,35,1
21,54.36797022819519,30,31,32,51,41,28,35,31,1
22,54.382386207580566,33,38,39,67,48,29,33,33,1
23,54.40579056739807,37,40,39,68,49,32,29,36,1
24,54.428475856781006,36,41,40,65,44,32,29,37,1
25,54.44264030456543,37,42,41,69,49,35,27,34,1
26,54.46582341194153,38,42,41,69,50,36,31,39,1
27,54.48780274391174,36,37,34,59,43,37,32,40,1
28,54.5021116733551,34,35,30,56,38,36,32,36,1
29,54.52600932121277,35,32,30,56,37,34,32,40,1
30,54.549012184143066,33,29,29,49,31,30,32,40,1
31,54.56287884712219,29,32,32,46,30,29,32,36,1
32,54.58580684661865,29,29,30,43,28,26,29,34,1
33,54.60881328582764,29,29,34,44,35,25,30,36,1
34,54.622650146484375,29,32,33,49,38,26,29,31,1
35,54.64620399475098,32,33,36,51,44,27,32,32,1
36,54.66962790489197,32,30,34,49,43,27,29,31,1
37,54.6826434135437,32,39,44,54,50,31,34,34,1
38,54.70582985877991,35,39,43,55,48,31,34,32,1
39,54.728575468063354,33,38,45,49,44,29,34,34,1
40,54.742971658706665,31,38,46,50,39,29,34,35,1
41,54.76546359062195,31,39,47,51,42,29,36,35,1
42,54.78804636001587,31,29,36,39,33,24,31,32,1
43,54.802858114242554,31,27,33,38,33,25,31,34,1
44,54.825071573257446,34,25,30,37,33,29,30,38,1
45,54.848968267440796,34,24,27,34,30,26,31,37,1
46,54.86559867858887,35,27,26,39,31,28,30,36,1
47,54.88610219955444,34,31,29,41,34,29,31,35,1
48,54.90858507156372,34,41,38,51,47,34,41,37,1
49,54.93076467514038,32,42,39,53,49,30,41,30,1
50,54.94520115852356,34,42,40,60,52,32,40,30,1
51,54.96835803985596,33,41,40,62,52,35,40,32,1
52,54.99086618423462,33,38,39,61,50,35,39,34,1
53,55.005200147628784,30,30,33,58,41,28,29,31,1
54,55.028403997421265,28,29,33,57,42,30,32,32,1
55,55.05107760429382,25,27,33,54,40,30,31,33,1
56,55.065244913101196,26,31,36,50,39,24,30,33,1
57,55.08836388587952,26,31,36,56,42,23,33,33,1
58,55.111066818237305,31,32,37,57,46,27,35,33,1
59,55.124963998794556,33,34,39,60,50,27,35,34,1
60,55.148597955703735,32,34,39,68,53,28,36,34,1
61,55.170982360839844,31,33,36,67,51,32,36,32,1
62,55.18567132949829,31,33,36,61,47,31,34,31,1
63,55.20844650268555,27,34,37,56,46,30,35,30,1
64,55.23088097572327,26,38,35,59,40,28,34,28,1
65,55.2451114654541,28,37,36,55,37,29,37,26,1
66,55.26857399940491,29,35,35,60,42,25,36,28,1
67,55.291017293930054,30,35,41,63,45,26,38,30,1
68,55.305530071258545,32,35,40,64,45,30,36,30,1
69,55.32794737815857,33,32,39,57,46,30,34,31,1
70,55.35056471824646,34,33,37,54,44,26,29,30,1
71,55.36536717414856,35,35,41,58,53,30,33,33,1
72,55.38848280906677,36,34,38,83,50,28,31,32,1
73,55.41095519065857,32,29,36,82,46,23,26,34,1
74,55.42591166496277,36,32,41,92,53,28,33,35,1
75,55.44874930381775,36,32,41,94,56,28,34,36,1
76,55.47086310386658,36,33,37,93,51,28,31,33,1
77,55.485105752944946,37,39,38,72,54,30,32,33,1
78,55.50832462310791,38,50,42,77,57,34,35,34,1
79,55.53087329864502,33,49,40,68,52,31,31,33,1
80,55.545202016830444,36,52,47,70,55,37,37,37,1
81,55.568896770477295,33,49,46,78,52,35,37,37,1
82,55.59104013442993,35,47,47,80,51,33,37,35,1
83,55.61493158340454,35,39,45,77,50,30,36,34,1
84,55.627965688705444,35,39,46,78,49,33,36,32,1
85,55.65090727806091,30,36,42,85,47,31,28,26,1
86,55.66486430168152,31,41,46,79,51,31,31,28,1
87,55.688321352005005,33,48,47,84,59,34,36,30,1
88,55.71082663536072,31,48,45,94,59,33,34,30,1
89,55.725138425827026,33,46,42,99,62,33,34,31,1
90,55.74805164337158,35,45,43,87,59,30,36,33,1
91,55.771002769470215,36,41,38,81,55,31,37,32,1
92,55.785478353500366,33,36,39,76,50,30,35,34,1
93,55.807902097702026,35,37,42,69,52,34,36,34,1
94,55.83108329772949,37,38,45,62,54,38,42,35,1
95,55.85356020927429,37,39,44,67,58,38,45,36,1
96,55.86856007575989,34,37,44,67,56,36,42,35,1
97,55.89085268974304,33,31,41,79,57,39,41,34,1
98,55.91335391998291,35,33,47,85,58,42,43,35,1
99,55.92819690704346,32,34,49,101,58,40,37,33,1
100,55.950846910476685,34,37,49,106,56,40,32,32,1
101,55.97481083869934,35,42,51,116,65,43,34,35,1
102,55.988351583480835,37,52,62,127,76,42,41,37,1
103,56.0186505317688,39,58,74,148,84,38,43,36,1
104,56.040884017944336,43,59,71,139,82,41,46,42,1
105,56.04859495162964,42,57,69,136,82,43,47,41,1
106,56.071043252944946,41,55,69,127,79,46,52,39,1
107,56.093364000320435,42,47,60,106,66,43,47,38,1
108,56.1083824634552,37,37,39,67,51,42,44,37,1
109,56.130820751190186,33,32,37,67,50,36,42,35,1
110,56.1535325050354,36,41,45,81,59,37,47,38,1
111,56.16773319244385,38,41,43,78,57,31,40,40,1
112,56.190778493881226,35,42,41,93,60,28,38,37,1
113,56.220781326293945,34,42,42,95,67,30,37,37,1
114,56.22761535644531,37,44,44,96,66,28,37,33,1
115,56.2514533996582,36,40,40,83,58,29,32,31,1
116,56.27331042289734,36,38,41,91,56,30,34,29,1
117,56.2877242565155,35,39,40,79,53,33,34,34,1
118,56.31112003326416,36,37,37,77,44,31,33,34,1
119,56.333333253860474,34,36,35,89,45,34,32,36,1
120,56.34807991981506,36,30,32,99,43,32,27,33,1
121,56.378549337387085,35,35,30,92,50,39,34,33,1
122,56.393271684646606,38,35,31,100,49,38,35,28,1
123,56.40776062011719,37,35,61,110,50,38,36,26,1
124,56.43035125732422,36,35,88,140,54,36,36,24,1
125,56.453328371047974,39,44,95,182,94,39,37,25,1
126,56.4675669670105,39,44,129,211,102,38,33,26,1
127,56.490978717803955,39,46,169,254,108,41,36,29,1
128,56.513256788253784,40,68,341,312,118,42,34,29,1
129,56.528281688690186,46,81,351,312,123,50,44,33,1
130,56.55114674568176,40,78,352,291,98,50,46,35,1
131,56.5737669467926,45,79,355,296,102,47,47,35,1
132,56.58774471282959,51,80,341,261,101,49,44,34,1
133,56.61098027229309,51,63,171,184,89,47,46,36,1
134,56.63407373428345,45,44,145,159,78,40,37,38,1
135,56.64771842956543,54,55,141,156,75,37,34,38,1
136,56.67103862762451,51,57,104,100,50,37,34,38,1
137,56.69326138496399,44,56,94,87,37,31,35,39,1
138,56.70815944671631,49,56,74,76,34,30,37,37,1
139,56.73078942298889,54,61,57,64,42,33,44,35,1
140,56.75347113609314,55,62,53,60,48,32,49,35,1
141,56.76748609542847,56,59,48,83,55,32,49,37,1
142,56.790791034698486,58,63,54,123,72,32,51,35,1
143,56.813271284103394,55,61,65,147,82,34,49,36,1
144,56.83643126487732,54,62,64,147,79,30,44,33,1
145,56.85069155693054,57,54,74,177,113,38,48,39,1
146,56.87338042259216,66,62,75,192,116,37,48,38,1
147,56.89585733413696,66,58,69,180,116,42,47,40,1
148,56.910165548324585,69,65,66,169,120,45,50,45,1
149,56.93351674079895,69,68,72,173,123,45,48,43,1
150,56.95586109161377,60,67,61,141,89,38,41,40,1
151,59.78285789489746,43,44,44,123,61,35,37,27,1
152,59.79871487617493,39,43,50,120,65,35,37,28,1
153,59.820372581481934,35,41,48,109,69,40,40,30,1
154,60.878536224365234,75,187,103,126,68,66,125,108,1
155,60.90795588493347,74,179,103,107,68,69,121,107,1
156,60.93014192581177,82,182,91,98,59,66,133,99,1
157,60.95214223861694,79,184,91,97,58,66,144,109,1
158,60.98259520530701,77,191,98,86,67,71,164,117,1
159,61.00537610054016,75,223,101,86,57,61,146,109,1
160,61.028655767440796,77,248,110,89,57,53,144,112,1
161,61.05384111404419,83,209,92,81,53,51,131,115,1
162,61.080140590667725,85,220,97,92,66,54,124,111,1
163,61.10333442687988,86,229,105,90,58,62,129,109,1
164,61.12735867500305,104,231,116,102,64,61,135,107,1
165,61.15722966194153,112,252,121,117,73,70,173,139,1
166,61.17754364013672,108,254,126,127,82,85,214,148,1
167,61.20309805870056,111,311,137,129,73,85,221,165,1
168,61.23004508018494,120,325,141,139,82,83,221,179,1
169,61.253682136535645,110,398,174,138,81,127,266,202,1
170,61.26026725769043,109,414,180,130,73,156,341,205,1
171,61.26814270019531,118,488,192,123,70,179,398,255,1
172,61.27598857879639,157,549,268,165,102,220,442,297,1
173,61.28275966644287,165,597,288,170,106,271,522,311,1
174,61.29058313369751,163,558,271,161,114,267,566,334,1
175,61.298938035964966,171,584,271,157,115,266,569,339,1
176,61.305089473724365,164,525,263,163,115,248,524,315,1
177,61.32830762863159,145,449,195,118,95,264,516,294,1
178,61.34312152862549,133,438,182,109,82,231,506,285,1
179,61.36509943008423,158,461,189,119,74,219,468,254,1
180,61.3804988861084,146,412,184,132,73,223,429,238,1
181,61.41014122962952,158,511,241,147,77,248,510,248,1
182,61.43257522583008,170,530,245,148,78,214,551,236,1
183,61.47038412094116,177,499,240,140,81,204,542,272,1
184,61.48521327972412,170,510,269,154,100,276,612,280,1
185,61.507898569107056,180,531,284,147,102,287,637,308,1
186,61.53286075592041,183,466,243,128,98,276,604,309,1
187,61.56024360656738,177,467,251,131,98,286,574,387,1
188,61.582725286483765,186,469,248,135,98,326,611,363,1
189,61.60861659049988,178,445,218,115,85,275,540,351,1
190,61.636040449142456,174,398,194,117,88,278,521,345,1
191,61.657655477523804,193,516,252,143,100,300,544,403,1
192,61.68778443336487,175,496,232,130,96,285,517,323,1
193,61.710132360458374,156,494,230,131,96,245,415,310,1
194,61.73258113861084,174,545,246,142,90,252,432,320,1
195,61.76259160041809,169,554,250,147,86,216,397,302,1
196,61.785197257995605,129,507,210,124,71,168,316,188,1
197,61.80937099456787,158,510,213,143,72,208,429,219,1
198,61.838066816329956,156,504,209,141,74,198,430,226,1
199,61.86018753051758,127,440,177,131,77,185,408,220,1
200,61.89021158218384,131,472,186,125,77,220,429,217,1
201,61.913233041763306,132,386,158,137,80,229,454,216,1
202,61.935049057006836,96,351,145,123,79,186,352,177,1
203,61.96502900123596,98,334,146,127,83,184,345,181,1
204,61.99015498161316,100,313,143,118,81,187,333,167,1
205,62.01031732559204,88,251,125,126,80,175,361,158,1
206,62.03467893600464,91,235,128,122,76,164,315,184,1
207,62.06268930435181,89,235,127,125,72,163,329,187,1
208,62.08478283882141,87,243,119,122,62,159,344,185,1
209,62.10859656333923,85,221,114,125,59,142,320,178,1
210,62.122170209884644,84,210,110,117,58,114,279,178,1
211,62.145334005355835,84,222,115,114,59,118,293,176,1
212,62.15451169013977,82,221,117,119,60,108,259,165,1
213,62.15977597236633,84,190,113,118,60,101,224,152,1
214,62.16725468635559,86,256,131,120,67,105,223,167,1
215,62.17479944229126,86,268,141,119,70,96,210,165,1
216,62.19783091545105,79,284,150,124,75,84,190,127,1
217,62.222399950027466,91,301,159,117,78,87,186,137,1
218,62.25009632110596,89,312,165,110,78,84,184,134,1
219,62.28016400337219,92,278,152,115,76,75,180,122,1
220,62.30455994606018,90,283,154,114,70,58,152,113,1
221,62.32478594779968,80,258,129,97,61,60,152,107,1
222,62.355249881744385,72,247,114,86,55,54,147,99,1
223,62.369998931884766,73,273,124,102,63,59,167,116,1
224,62.400155782699585,68,256,125,97,59,56,160,112,1
225,62.42354679107666,64,240,108,98,58,56,147,114,1
226,62.445561170578,91,330,159,115,64,55,145,142,1
227,62.470947265625,90,326,162,121,68,53,179,147,1
228,62.497719287872314,93,314,156,109,58,54,158,140,1
229,62.520167112350464,100,322,160,107,58,60,166,142,1
230,62.54491329193115,101,323,160,103,61,60,164,143,1
231,62.57282543182373,80,219,108,87,59,62,194,131,1
232,62.595072746276855,81,214,101,81,53,63,186,123,1
233,62.62018322944641,74,179,87,83,58,63,201,130,1
234,62.64779734611511,68,178,79,78,54,58,192,122,1
235,62.67060565948486,69,208,87,76,56,65,203,129,1
236,62.693126916885376,73,215,91,73,52,61,175,116,1
237,62.72275996208191,76,243,107,73,58,70,175,114,1
238,62.74527835845947,77,243,105,71,51,63,169,99,1
239,62.767571449279785,73,228,98,69,53,65,176,97,1
240,62.79250955581665,72,209,94,69,48,61,168,87,1
241,62.82005453109741,66,204,93,66,45,68,196,83,1
242,62.84271168708801,59,195,99,86,46,61,184,96,1
243,62.86695337295532,58,200,101,84,48,64,174,91,1
244,62.905741930007935,64,204,108,83,51,67,172,101,1
245,62.91781306266785,64,257,115,85,51,66,177,113,1
246,62.942288875579834,71,259,113,87,51,63,161,119,1
247,62.97010946273804,72,271,107,65,45,63,157,104,1
248,62.99265003204346,69,271,106,65,40,63,152,100,1
249,63.01498866081238,72,337,133,85,46,69,157,117,1
250,63.04514455795288,74,340,150,95,60,74,212,138,1
251,63.0711350440979,66,336,148,104,59,71,205,133,1
252,63.09042930603027,62,316,140,102,58,76,207,142,1
253,63.11443781852722,75,338,162,105,74,94,222,164,1
254,63.14269018173218,66,286,141,91,71,86,214,144,1
255,63.16498517990112,63,218,116,89,66,81,153,116,1
256,63.18994903564453,82,224,120,83,69,79,141,117,1
257,63.21761417388916,89,214,122,88,71,75,145,116,1
258,63.240190744400024,83,214,95,83,57,49,134,85,1
259,63.262693643569946,83,200,89,83,56,49,133,88,1
260,63.292720317840576,84,199,86,82,58,51,131,88,1
261,63.315041303634644,72,195,84,80,59,53,144,88,1
262,63.339515686035156,68,197,78,82,58,49,130,85,1
263,63.367642641067505,67,181,74,83,60,50,119,91,1
264,63.390411376953125,70,205,90,85,63,56,134,88,1
265,63.41497278213501,68,237,93,76,53,69,176,106,1
266,63.444926738739014,60,256,93,70,46,70,170,104,1
267,63.46770215034485,58,265,99,78,59,73,173,108,1
268,63.487951040267944,58,252,104,85,58,73,176,104,1
269,63.51025128364563,61,231,91,85,56,69,165,115,1
270,63.54038977622986,69,197,89,89,65,58,142,101,1
271,63.563140630722046,67,166,92,92,66,59,137,98,1
272,63.585147857666016,66,152,91,84,58,56,135,90,1
273,63.60848832130432,68,138,82,82,59,55,140,93,1
274,63.63771057128906,62,155,86,81,58,61,144,97,1
275,63.66010665893555,52,166,85,75,49,57,128,90,1
276,63.69209337234497,54,159,82,73,53,52,134,89,1
277,63.71393370628357,55,182,85,69,54,54,133,95,1
278,63.742661237716675,49,201,90,66,48,49,120,91,1
279,63.75924754142761,49,186,85,63,48,40,111,74,1
280,63.787930727005005,54,174,79,60,50,39,105,70,1
281,63.810161113739014,66,202,79,66,48,38,97,72,1
282,63.81831955909729,70,203,78,75,45,41,99,67,1
283,63.82509231567383,69,187,72,75,46,42,98,67,1
284,63.83343744277954,68,192,71,74,46,45,104,74,1
285,63.84036183357239,65,197,85,106,55,56,114,85,1
286,63.84767031669617,57,178,84,105,50,58,120,90,1
287,63.855958223342896,53,149,79,102,53,58,113,84,1
288,63.86251926422119,49,154,80,102,52,58,110,80,1
289,63.870646953582764,52,146,79,111,57,57,115,79,1
290,63.87167525291443,57,149,71,86,49,46,93,79,1
291,63.879371643066406,51,154,76,85,50,44,85,76,1
292,63.8851637840271,47,154,77,81,44,36,81,83,1
293,63.893611669540405,49,144,72,79,47,38,104,85,1
294,63.900182008743286,52,169,80,75,43,37,110,92,1
295,63.90794587135315,47,162,76,73,37,44,135,86,1
296,63.9160475730896,48,147,66,73,40,45,133,80,1
297,63.9227876663208,57,187,89,91,45,48,135,80,1
298,63.93016791343689,57,196,95,100,53,48,139,86,1
299,63.93833804130554,50,177,92,100,52,48,126,77,1
300,63.945066690444946,49,184,97,103,60,43,119,76,1
301,63.95556592941284,49,191,105,106,64,46,121,81,1
302,63.96019959449768,40,176,89,94,65,44,123,70,1
303,63.96782088279724,44,189,94,84,68,45,107,62,1
304,63.975889682769775,43,180,89,81,68,44,104,56,1
305,63.982725620269775,45,172,85,90,65,43,84,57,1
306,63.99083733558655,49,172,81,94,70,46,94,47,1
307,63.9918646812439,47,163,77,96,73,46,83,51,1
308,64.00595831871033,41,148,70,100,70,49,87,60,1
309,64.00689959526062,45,149,68,108,69,52,102,64,1
310,64.0129497051239,45,166,72,101,71,53,105,72,1
311,64.02188563346863,47,165,69,94,64,51,93,73,1
312,64.02760553359985,47,145,64,89,60,51,95,70,1
313,64.05040550231934,49,162,71,86,58,49,89,62,1
314,64.07321643829346,47,165,78,80,62,47,79,60,1
315,64.0876452922821,46,151,74,75,60,48,80,52,1
316,64.11034870147705,39,146,79,76,55,40,75,63,1
317,64.13346266746521,40,145,77,84,55,44,76,69,1
318,64.14775323867798,42,122,72,88,51,39,79,74,1
319,64.17056369781494,40,126,67,81,46,39,73,75,1
320,64.19370317459106,41,117,63,79,48,49,85,73,1
321,64.2080819606781,46,119,56,78,49,49,94,70,1
322,64.23006176948547,51,125,57,70,47,47,97,72,1
323,64.25362467765808,49,133,57,71,45,48,99,67,1
324,64.26755094528198,53,130,57,71,43,47,99,68,1
325,64.29019165039062,57,137,61,74,38,34,86,68,1
326,64.31403231620789,54,129,60,73,39,35,76,66,1
327,64.32757830619812,50,148,70,78,39,36,76,65,1
328,64.35044074058533,50,152,74,74,43,39,79,67,1
329,64.3735990524292,46,155,72,75,44,40,82,64,1
330,64.39563822746277,39,164,70,69,44,43,92,68,1
331,64.4096474647522,43,181,76,77,55,42,93,65,1
332,64.43324518203735,45,157,66,72,54,43,98,68,1
333,64.45585012435913,47,154,60,87,52,45,98,69,1
334,64.47019743919373,47,157,60,85,50,45,99,69,1
335,64.4934184551239,47,146,60,86,55,45,98,68,1
336,64.51620697975159,45,127,52,77,41,46,97,69,1
337,64.5301513671875,41,136,57,88,45,46,91,68,1
338,64.55353450775146,43,149,76,89,60,49,95,66,1
339,64.57647037506104,46,142,78,97,66,49,101,68,1
340,64.5900981426239,44,138,78,98,65,48,97,67,1
341,64.61330461502075,54,141,85,113,74,55,105,68,1
342,64.63588047027588,59,134,82,106,73,54,110,65,1
343,64.65047931671143,57,126,63,94,62,51,109,66,1
344,64.67328667640686,64,129,67,89,56,56,109,77,1
345,64.69597220420837,64,128,68,91,57,53,102,75,1
346,64.7101821899414,67,150,80,84,51,47,93,79,1
347,64.7336037158966,65,158,82,89,51,47,88,76,1
348,64.7567663192749,64,146,80,92,50,48,80,77,1
349,64.76988101005554,57,144,77,103,56,47,73,65,1
350,64.79330730438232,59,149,79,105,54,48,87,73,1
351,64.8233208656311,47,123,59,96,53,55,97,68,1
352,64.82997488975525,45,129,58,105,53,56,95,71,1
353,64.85391473770142,45,124,67,105,58,55,89,74,1
354,64.87593698501587,48,124,68,98,56,53,99,82,1
355,64.8896632194519,48,124,65,97,59,55,89,75,1
356,64.91368532180786,49,140,71,99,66,57,90,76,1
357,64.9360613822937,48,127,69,88,67,58,95,70,1
358,64.95067834854126,47,125,58,81,65,54,94,62,1
359,64.97340893745422,45,129,63,73,63,55,96,70,1
360,64.99655556678772,47,131,65,84,67,58,97,79,1
361,65.01016879081726,46,118,64,95,61,47,86,74,1
362,65.03344559669495,46,124,64,90,58,44,85,79,1
363,65.05602669715881,47,124,65,92,59,45,98,80,1
364,65.0710072517395,49,116,59,96,57,41,83,74,1
365,65.09328079223633,45,132,60,88,48,35,79,68,1
366,65.1161744594574,47,130,53,72,41,39,83,70,1
367,65.1307303905487,50,140,56,73,40,41,96,76,1
368,65.15397047996521,50,148,56,76,42,42,88,82,1
369,65.18369364738464,45,158,59,72,44,42,91,79,1
370,65.19078087806702,45,152,52,69,43,44,95,77,1
371,65.21327066421509,47,151,55,73,47,40,91,77,1
372,65.23597359657288,45,142,54,82,49,42,77,68,1
373,65.25010776519775,41,155,63,81,54,40,76,64,1
374,65.27348852157593,44,142,66,91,67,54,79,60,1
375,65.29604506492615,45,136,68,87,69,52,99,77,1
376,65.31013107299805,43,137,67,107,66,52,100,73,1
377,65.33326482772827,43,131,68,105,69,51,96,73,1
378,65.35640907287598,46,103,62,111,65,58,112,73,1
379,65.3782913684845,44,111,53,107,50,47,110,73,1
380,65.39364004135132,50,107,54,113,60,53,100,58,1
381,65.41559886932373,47,102,54,101,63,54,100,63,1
382,65.43784260749817,49,134,57,127,58,50,108,65,1
383,65.45432758331299,49,130,56,125,57,45,93,63,1
384,65.47709655761719,52,131,58,126,64,45,87,61,1
385,65.49825143814087,45,140,56,123,54,38,77,58,1
386,65.51326012611389,47,141,57,128,56,40,77,51,1
387,65.53588104248047,47,114,50,100,61,43,70,56,1
388,65.5585675239563,48,118,51,94,58,41,84,68,1
389,65.5734212398529,43,115,49,88,49,41,91,70,1
390,65.59595108032227,42,97,50,101,52,40,90,71,1
391,65.61889672279358,48,105,52,93,46,38,106,79,1
392,65.63336396217346,50,98,55,91,37,34,105,75,1
393,65.65601229667664,52,98,55,101,41,36,101,63,1
394,65.6793885231018,53,95,53,99,46,36,99,60,1
395,65.69264626502991,55,100,55,100,55,43,103,62,1
396,65.71598148345947,50,89,55,99,63,44,95,59,1
397,65.7380166053772,48,91,56,106,68,46,99,68,1
398,65.75235199928284,45,96,54,95,70,45,86,70,1
399,65.77601408958435,46,96,56,95,67,46,85,71,1
400,65.79969334602356,44,90,53,89,59,42,102,70,1
401,65.81281042098999,41,88,48,97,50,42,98,67,1
402,65.83564519882202,38,94,48,90,44,42,98,57,1
403,65.85836362838745,36,112,50,99,36,40,102,64,1
404,65.87346863746643,34,115,53,102,45,45,124,70,1
405,65.8959629535675,33,122,57,91,47,43,109,69,1
406,65.91855525970459,38,131,61,83,52,43,117,73,1
407,65.93260836601257,38,128,62,85,57,43,112,74,1
408,65.95654821395874,40,104,58,77,58,45,120,70,1
409,65.97853255271912,43,108,61,83,53,38,93,63,1
410,65.9934458732605,49,106,62,89,58,44,99,60,1
411,66.01594042778015,47,94,58,84,59,44,84,59,1
412,66.03896903991699,49,109,62,90,63,53,100,62,1
413,66.06085801124573,47,111,62,95,64,52,87,60,1
414,66.07583856582642,45,106,59,100,63,52,90,58,1
415,66.09875130653381,42,101,53,97,58,48,83,62,1
416,66.11270499229431,45,108,53,94,54,49,83,61,1
417,66.13564276695251,42,88,46,100,45,40,63,58,1
418,66.15860629081726,45,96,56,120,47,39,83,66,1
419,66.17329096794128,44,104,64,119,51,39,83,67,1
420,66.1958601474762,42,107,66,121,53,38,92,65,1
421,66.21836376190186,43,138,75,123,54,39,93,66,1
422,66.23276567459106,43,142,75,128,54,42,96,67,1
423,66.25631976127625,39,135,71,106,56,44,79,60,1
424,66.27841258049011,42,128,62,100,57,42,84,65,1
425,66.30122685432434,43,131,63,106,58,42,73,65,1
426,66.31633067131042,41,102,58,111,61,41,86,69,1
427,66.3460156917572,41,105,61,114,64,39,83,65,1
428,66.36086511611938,41,115,61,112,63,38,83,63,1
429,66.38329339027405,39,119,61,112,61,41,76,62,1
430,66.39883995056152,44,122,62,118,69,44,83,65,1
431,66.42129135131836,44,119,57,110,63,41,74,59,1
432,66.43536400794983,46,131,58,105,60,43,82,66,1
433,66.45835661888123,50,128,58,106,57,50,88,65,1
434,66.48845720291138,50,124,57,103,55,49,90,56,1
435,66.49588370323181,45,128,61,85,42,45,87,53,1
436,66.51826572418213,45,148,65,94,49,48,78,51,1
437,66.54099631309509,45,135,59,85,46,45,71,49,1
438,66.5636854171753,45,136,55,88,50,38,68,51,1
439,66.57835221290588,44,157,66,94,53,38,64,54,1
440,66.60088872909546,45,162,58,99,56,38,75,59,1
441,66.61581230163574,42,139,51,92,52,35,81,57,1
442,66.63854217529297,41,158,58,94,54,34,80,54,1
443,66.66137623786926,42,156,64,91,50,32,82,64,1
444,66.67524027824402,51,135,57,88,55,40,86,65,1
445,66.69835019111633,52,144,67,85,53,41,90,68,1
446,66.72135400772095,56,151,70,99,53,41,89,68,1
447,66.73510456085205,57,142,71,100,60,42,90,73,1
448,66.75911355018616,51,144,67,100,59,42,89,67,1
449,66.78079915046692,44,151,64,98,50,36,88,74,1
450,66.7952024936676,45,127,59,112,55,39,80,74,1
451,66.818776845932,50,115,62,125,59,40,76,77,1
452,66.84101271629333,52,113,59,113,57,44,72,78,1
453,66.85545873641968,52,111,58,116,60,44,70,76,1
454,66.87874031066895,57,110,66,120,64,45,75,79,1
455,66.90091633796692,55,109,61,119,59,42,78,76,1
456,66.92363119125366,49,114,57,111,56,39,78,73,1
457,66.93853712081909,44,100,56,117,56,36,75,66,1
458,66.96098279953003,47,106,55,116,55,38,77,69,1
459,66.97523951530457,40,108,50,108,50,33,78,62,1
460,66.99834537506104,37,123,55,101,51,35,67,56,1
461,67.0228042602539,38,125,55,101,53,37,67,55,1
462,67.0346155166626,41,130,54,96,47,34,70,60,1
463,67.05853319168091,40,128,57,102,45,36,115,57,1
464,67.08086371421814,43,123,55,105,44,35,118,59,1
465,67.0951943397522,47,128,58,110,46,37,121,63,1
466,67.11859273910522,50,130,64,101,46,36,124,66,1
467,67.14163517951965,47,125,62,107,50,39,125,62,1
468,67.15538954734802,49,119,61,100,50,34,101,58,1
469,67.17848682403564,54,124,74,104,52,36,93,53,1
470,67.2009916305542,52,97,68,114,51,33,90,49,1
471,67.21535205841064,50,108,67,116,55,37,92,48,1
472,67.23897695541382,52,124,71,109,50,37,107,48,1
473,67.26084566116333,48,126,72,108,52,35,89,46,1
474,67.28333330154419,48,117,58,103,51,36,97,61,1
475,67.29834651947021,48,118,60,78,54,35,98,60,1
476,67.32090497016907,46,106,54,116,47,33,98,64,1
477,67.3434271812439,48,96,50,116,47,30,83,65,1
478,67.35842800140381,50,98,52,126,53,34,84,67,1
479,67.3808217048645,48,141,66,133,53,36,74,64,1
480,67.4039945602417,49,154,70,157,53,37,92,70,1
481,67.41840147972107,53,158,71,124,50,35,88,67,1
482,67.44078350067139,50,158,70,125,50,35,88,67,1
483,67.4637017250061,53,170,71,116,44,32,90,76,1
484,67.47828245162964,50,162,66,109,48,34,93,68,1
485,67.50109457969666,50,152,65,106,53,37,76,63,1
486,67.52224969863892,51,147,65,106,54,35,73,75,1
487,67.53974390029907,51,149,66,117,56,36,73,81,1
488,67.55967020988464,48,147,65,116,55,43,78,75,1
489,67.58260655403137,48,116,56,118,54,39,75,76,1
490,67.60016345977783,50,115,52,97,44,39,80,80,1
491,67.61984515190125,46,112,50,97,44,39,79,69,1
492,67.64279365539551,54,118,51,82,47,42,85,69,1
493,67.65963792800903,54,120,54,90,50,36,80,64,1
494,67.68180012702942,54,118,53,96,54,37,83,62,1
495,67.70271563529968,52,119,52,89,55,37,76,58,1
496,67.71989130973816,52,149,59,86,55,49,88,65,1
497,67.74223351478577,42,147,56,91,52,48,78,58,1
498,67.76272892951965,39,129,49,105,56,50,79,65,1
499,67.77975726127625,45,149,58,104,54,53,78,70,1
500,67.80229115486145,45,148,56,106,54,53,83,73,1
501,67.82289409637451,54,128,59,111,55,47,83,79,1
502,67.84091663360596,58,117,69,112,58,47,91,82,1
503,67.86226916313171,59,131,72,103,53,49,95,80,1
504,69.52511405944824,65,27,43,143,49,28,39,39,2
505,69.54757523536682,58,27,52,163,50,30,42,36,2
506,69.58144736289978,53,27,51,149,48,31,41,33,2
507,69.58531904220581,48,30,46,114,47,36,42,33,2
508,69.60786128044128,54,31,42,99,40,37,40,31,2
509,69.6234667301178,47,32,46,104,41,35,37,29,2
510,69.64516091346741,45,34,37,66,38,33,31,24,2
511,69.66764068603516,44,33,35,62,41,35,31,23,2
512,69.68267440795898,40,29,34,62,41,32,29,23,2
513,69.70527863502502,24,25,36,65,41,30,24,22,2
514,69.7278265953064,25,27,32,49,39,30,33,24,2
515,69.74265456199646,29,27,31,50,41,31,36,33,2
516,69.7652645111084,37,26,38,60,36,28,38,34,2
517,69.78811955451965,43,26,38,67,37,27,40,39,2
518,69.80233812332153,55,26,36,62,38,26,45,43,2
519,69.8251371383667,63,24,36,62,38,27,45,49,2
520,69.84764909744263,66,23,36,59,36,25,48,45,2
521,69.86286115646362,65,23,29,51,38,23,48,45,2
522,69.88517546653748,66,24,30,45,38,24,49,41,2
523,69.90711832046509,60,24,33,47,38,25,45,41,2
524,69.9230227470398,53,26,31,49,44,22,45,33,2
525,69.94515323638916,49,27,36,93,47,24,40,31,2
526,69.9695417881012,44,29,35,94,45,25,37,30,2
527,69.98264956474304,36,28,35,97,45,24,34,31,2
528,70.00507974624634,33,30,33,97,44,25,36,30,2
529,70.02767825126648,29,27,32,97,37,29,29,30,2
530,70.04260969161987,29,26,26,55,28,28,30,30,2
531,70.06499314308167,29,30,30,53,31,31,32,34,2
532,70.08985781669617,29,32,28,44,28,32,32,31,2
533,70.11813759803772,30,30,29,45,30,32,31,30,2
534,70.12693524360657,30,31,28,51,34,29,30,32,2
535,70.1477563381195,26,32,34,83,40,29,31,32,2
536,70.17057275772095,27,27,30,82,36,26,30,28,2
537,70.18510270118713,25,25,31,85,37,25,28,29,2
538,70.20803213119507,25,26,31,85,36,24,29,29,2
539,70.23012590408325,26,30,35,82,36,27,31,25,2
540,70.24538946151733,28,29,29,50,33,26,29,25,2
541,70.26799249649048,26,27,29,46,33,26,34,23,2
542,70.28976392745972,27,28,28,41,34,28,46,25,2
543,70.30474901199341,28,30,29,41,33,29,47,26,2
544,70.3278796672821,24,24,25,50,33,26,44,28,2
545,70.35055017471313,22,25,28,69,31,26,45,28,2
546,70.36514854431152,24,28,31,81,30,25,42,30,2
547,70.38819885253906,27,26,35,98,32,26,31,29,2
548,70.41017746925354,27,22,36,105,34,24,29,27,2
549,70.42533278465271,28,28,36,99,31,23,32,26,2
550,70.4476671218872,28,27,34,86,32,23,32,26,2
551,70.46962189674377,26,25,33,78,32,25,31,25,2
552,70.48518395423889,21,25,31,62,32,23,29,24,2
553,70.50799298286438,22,25,29,50,31,23,30,25,2
554,70.5298388004303,24,21,31,53,29,25,28,26,2
555,70.5446047782898,24,20,40,80,34,27,28,29,2
556,70.56752490997314,26,19,42,94,33,28,30,28,2
557,70.59047508239746,30,23,45,102,34,32,49,29,2
558,70.60537958145142,28,25,45,106,34,35,51,27,2
559,70.63587927818298,29,26,44,105,36,36,50,27,2
560,70.65030121803284,31,30,37,89,33,34,50,24,2
561,70.66617274284363,35,31,33,76,37,33,50,26,2
562,70.6879141330719,31,30,28,62,35,28,37,27,2
563,70.71106886863708,32,30,34,71,36,27,35,27,2
564,70.72524833679199,30,29,34,70,36,26,35,30,2
565,70.74796152114868,30,27,32,68,33,28,35,29,2
566,70.77013683319092,28,26,32,63,29,26,40,28,2
567,70.78547096252441,29,25,33,62,29,28,35,26,2
568,70.80786943435669,28,22,27,39,28,26,34,26,2
569,70.8301649093628,30,23,28,43,27,25,34,23,2
570,70.845144033432,28,20,30,52,30,24,33,25,2
571,70.8676187992096,25,23,36,63,35,25,28,26,2
572,70.89044451713562,26,24,35,71,36,24,28,26,2
573,70.90527701377869,27,31,46,93,41,27,29,28,2
574,70.92734789848328,25,30,45,94,41,26,28,26,2
575,70.95798397064209,25,32,46,90,44,26,29,25,2
576,70.96538662910461,27,32,42,85,44,26,26,27,2
577,70.98781204223633,26,31,45,85,46,26,29,27,2
578,71.01015257835388,25,29,35,66,42,23,37,28,2
579,71.02525424957275,24,33,37,64,46,25,39,29,2
580,71.0558066368103,24,31,35,66,44,24,38,29,2
581,71.07022953033447,23,29,35,65,40,24,37,27,2
582,71.09266114234924,25,29,43,127,38,25,37,28,2
583,71.10773134231567,25,27,44,129,38,26,33,27,2
584,71.130206823349,26,22,42,129,30,28,36,27,2
585,71.15362858772278,27,22,41,129,28,29,38,27,2
586,71.1676971912384,27,21,40,128,28,29,41,28,2
587,71.19027972221375,28,22,30,58,26,28,41,27,2
588,71.21262216567993,26,20,25,45,27,27,37,25,2
589,71.2362322807312,26,22,25,43,31,24,32,27,2
590,71.25850200653076,27,24,36,83,34,23,30,26,2
591,71.27318024635315,29,25,37,83,36,23,30,27,2
592,71.28776693344116,29,23,38,83,36,23,30,26,2
593,71.31003546714783,31,23,39,88,37,27,30,27,2
594,71.33266806602478,31,22,38,87,36,27,31,26,2
595,71.3476676940918,31,22,32,53,35,29,34,25,2
596,71.37038350105286,31,23,33,58,33,30,33,22,2
597,71.3929193019867,29,25,33,69,34,31,35,24,2
598,71.40793919563293,28,26,34,82,32,28,35,26,2
599,71.43037414550781,28,27,34,90,38,27,37,26,2
600,71.45268273353577,26,29,34,86,37,29,39,27,2
601,71.46771907806396,26,29,32,84,38,28,36,30,2
602,71.49016332626343,25,29,32,85,38,28,35,27,2
603,71.5144317150116,26,28,33,79,40,28,37,25,2
604,71.5278754234314,27,29,41,86,36,27,36,24,2
605,71.55030798912048,26,25,41,113,40,23,29,26,2
606,71.57266426086426,26,25,40,114,40,21,30,25,2
607,71.58817434310913,27,23,37,108,41,22,29,27,2
608,71.6102921962738,28,24,40,114,40,22,26,30,2
609,71.63398575782776,27,22,33,108,37,23,23,29,2
610,71.64780616760254,31,25,33,111,32,25,24,28,2
611,71.67078733444214,33,27,33,111,34,27,27,27,2
612,71.69217109680176,33,27,34,110,34,27,31,28,2
613,71.71003246307373,31,27,25,98,43,28,32,27,2
614,71.73036098480225,31,28,26,94,45,33,33,28,2
615,71.75267791748047,27,25,31,79,45,32,32,28,2
616,71.76767253875732,23,23,32,85,42,31,27,28,2
617,71.79009246826172,22,24,33,84,42,32,29,29,2
618,71.81270027160645,23,23,38,103,36,32,29,28,2
619,71.82786273956299,23,22,38,106,36,25,27,28,2
620,71.8504638671875,27,26,39,93,38,27,29,31,2
621,71.87271738052368,29,27,41,94,38,26,31,33,2
622,71.88982129096985,30,25,41,97,37,24,29,33,2
623,71.91269636154175,31,27,36,76,37,24,29,34,2
624,71.93275690078735,31,29,36,74,36,24,30,34,2
625,71.94856405258179,29,24,31,90,36,23,29,33,2
626,71.97001028060913,27,22,31,89,35,22,28,31,2
627,71.9928240776062,27,23,30,87,35,22,25,31,2
628,72.01600456237793,26,23,33,90,31,27,25,28,2
629,72.03030228614807,27,22,32,93,35,27,27,27,2
630,72.05297565460205,28,27,32,77,36,29,28,28,2
631,72.07534742355347,27,28,31,92,35,34,37,27,2
632,72.0904905796051,25,27,31,95,37,39,42,28,2
633,72.1127598285675,26,28,34,109,43,36,44,29,2
634,72.13549876213074,28,29,34,105,40,37,44,30,2
635,72.15010523796082,26,24,32,102,38,36,43,29,2
636,72.17287707328796,31,28,30,81,40,33,37,29,2
637,72.19519138336182,30,29,31,89,38,27,32,26,2
638,72.21111035346985,31,25,38,103,32,25,29,28,2
639,72.23263120651245,27,25,40,103,34,23,28,27,2
640,72.25582027435303,27,24,39,107,36,24,30,26,2
641,72.27201724052429,20,20,39,110,34,25,29,25,2
642,72.29317593574524,25,19,43,110,49,31,29,26,2
643,72.3151216506958,24,21,34,78,50,31,31,24,2
644,72.33190298080444,28,24,32,78,51,31,30,26,2
645,72.35274720191956,31,24,35,75,49,29,30,25,2
646,72.37553358078003,32,26,36,90,49,27,29,26,2
647,72.39001107215881,31,27,30,77,35,22,29,23,2
648,72.41317892074585,32,27,31,79,37,21,29,24,2
649,72.43541812896729,28,27,33,84,38,21,29,23,2
650,72.45079588890076,28,33,38,99,53,25,33,25,2
651,72.4730589389801,31,33,37,82,55,25,34,25,2
652,72.4951696395874,28,32,42,95,55,25,35,29,2
653,72.51003789901733,27,31,41,95,53,29,35,29,2
654,72.53284525871277,28,30,39,87,49,30,37,29,2
655,72.55511617660522,30,24,35,99,33,27,32,27,2
656,72.57006311416626,27,24,35,100,30,29,33,29,2
657,72.59265065193176,28,26,29,88,31,28,31,29,2
658,72.62332892417908,30,26,30,95,36,26,30,28,2
659,72.63013625144958,32,24,32,100,41,26,28,30,2
660,72.65269827842712,31,24,30,73,43,27,28,31,2
661,72.67525362968445,31,23,33,92,46,29,26,30,2
662,72.69024848937988,34,25,33,97,45,29,27,31,2
663,72.71270418167114,34,24,31,87,39,32,27,32,2
664,72.73508381843567,32,25,33,97,39,32,29,31,2
665,72.75015544891357,30,25,32,94,36,32,29,32,2
666,72.77258324623108,31,26,28,76,34,29,29,33,2
667,72.79521203041077,26,26,28,70,34,29,30,30,2
668,72.81003713607788,25,26,33,74,37,27,30,31,2
669,72.8325674533844,30,29,34,67,46,26,27,31,2
670,72.85533952713013,33,30,35,66,46,26,29,31,2
671,72.87036466598511,33,29,36,79,45,26,29,30,2
672,72.8926727771759,35,26,39,97,44,25,28,30,2
673,72.91536784172058,34,25,35,95,41,23,27,29,2
674,72.9386522769928,32,22,34,91,25,22,29,30,2
675,72.95264315605164,29,21,34,96,31,25,30,28,2
676,72.97505402565002,32,23,34,89,30,25,29,28,2
677,72.99834442138672,33,27,44,136,38,26,30,28,2
678,73.01269435882568,33,26,47,147,38,26,30,27,2
679,73.03495216369629,30,27,45,144,42,28,30,25,2
680,73.05818724632263,31,29,44,141,38,25,26,24,2
681,73.07250380516052,28,29,46,143,40,24,27,28,2
682,73.09513854980469,25,28,43,115,37,25,28,27,2
683,73.11796021461487,31,30,43,110,38,24,33,28,2
684,73.13228464126587,33,31,44,113,34,22,32,30,2
685,73.15466833114624,33,30,45,114,35,22,33,30,2
686,73.17840695381165,33,31,43,113,34,25,35,28,2
687,73.19267582893372,33,30,41,112,34,28,35,29,2
688,73.2156720161438,27,28,41,129,39,30,31,29,2
689,73.24675750732422,25,25,39,129,39,31,29,30,2
690,73.25324964523315,22,25,39,130,43,33,32,31,2
691,73.27538180351257,22,22,38,133,45,33,30,33,2
692,73.29856085777283,21,21,36,121,42,30,30,34,2
693,73.31262421607971,23,24,42,135,38,29,29,34,2
694,73.33514070510864,26,24,42,134,41,29,30,32,2
695,73.35859966278076,26,21,42,134,36,27,27,36,2
696,73.37302780151367,28,24,42,129,34,26,26,34,2
697,73.39549493789673,27,25,39,122,34,25,26,32,2
698,73.41895961761475,26,22,28,76,37,24,25,32,2
699,73.43257164955139,27,24,30,71,35,24,27,31,2
700,73.45527172088623,28,26,35,97,35,25,28,27,2
701,73.47833371162415,30,27,41,112,38,28,26,27,2
702,73.49270796775818,30,28,40,111,37,30,25,30,2
703,73.51524615287781,30,33,41,110,36,30,25,30,2
704,73.53866934776306,31,33,41,113,40,33,26,32,2
705,73.5535638332367,30,33,39,125,39,32,27,31,2
706,73.57555341720581,27,30,32,114,37,29,27,29,2
707,73.59846067428589,27,32,32,108,43,30,32,32,2
708,73.61317300796509,31,27,32,108,43,32,32,30,2
709,73.63500595092773,28,27,38,121,39,28,29,28,2
710,73.65795850753784,31,32,36,86,43,29,29,28,2
711,73.67251825332642,30,32,36,82,42,30,31,32,2
712,73.69543981552124,31,29,34,89,35,28,27,27,2
713,73.71859550476074,27,29,36,104,32,26,26,30,2
714,73.73277544975281,28,31,32,88,39,28,32,32,2
715,73.75580978393555,26,25,34,98,35,26,34,31,2
716,73.78586959838867,26,26,35,100,35,27,32,28,2
717,73.79275584220886,26,29,35,91,44,28,38,27,2
718,73.81513214111328,26,27,34,87,45,30,39,25,2
719,73.83836913108826,25,27,35,112,41,29,38,23,2
720,73.85217046737671,24,27,33,107,41,30,37,25,2
721,73.87568664550781,23,26,31,106,40,29,36,24,2
722,73.89850354194641,26,28,35,113,41,28,30,24,2
723,73.92088389396667,25,27,36,108,43,26,28,25,2
724,73.93520426750183,25,27,38,108,44,27,24,23,2
725,73.95879340171814,23,26,38,105,46,26,23,25,2
726,73.98083090782166,26,28,38,109,47,27,26,27,2
727,73.99517798423767,24,28,35,113,43,27,33,28,2
728,74.01840591430664,28,30,36,111,41,29,34,29,2
729,74.04226160049438,32,28,29,85,40,29,34,28,2
730,74.05519008636475,33,32,37,101,44,29,35,27,2
731,74.07838201522827,32,32,41,115,49,27,36,29,2
732,74.10092067718506,32,30,41,105,47,28,29,30,2
733,74.11533045768738,28,26,41,106,46,27,28,28,2
734,74.13832449913025,27,32,44,113,51,27,30,29,2
735,74.16099786758423,30,28,37,110,47,27,29,29,2
736,74.17551398277283,31,27,35,104,44,28,26,29,2
737,74.1983060836792,31,27,38,122,44,25,28,28,2
738,74.22073340415955,31,30,37,125,45,27,31,30,2
739,74.23505973815918,28,24,33,117,38,25,29,31,2
740,74.25839281082153,25,25,32,106,34,25,31,30,2
741,74.28843235969543,23,24,33,102,31,24,33,26,2
742,74.2950541973114,28,25,34,101,32,24,34,26,2
743,74.31864500045776,27,23,33,94,28,22,32,24,2
744,74.3412766456604,27,22,34,94,32,22,34,25,2
745,74.35533261299133,27,23,35,93,34,23,33,25,2
746,74.37834358215332,29,22,36,107,33,22,32,28,2
747,74.40092039108276,25,20,42,123,31,23,32,29,2
748,74.41537666320801,29,22,47,130,39,23,30,30,2
749,74.43830919265747,28,23,47,131,36,22,28,29,2
750,74.46086978912354,28,25,47,135,38,25,26,30,2
751,74.47542810440063,29,26,47,129,44,25,25,29,2
752,74.49871063232422,29,24,44,113,46,24,24,30,2
753,74.52102375030518,28,23,45,127,43,23,25,28,2
754,74.53535223007202,29,25,43,127,44,24,27,27,2
755,74.56593346595764,31,28,44,126,45,28,31,25,2
756,74.58091425895691,28,28,49,121,48,28,33,24,2
757,74.59530806541443,28,29,43,108,46,28,34,21,2
758,74.61837434768677,27,28,41,97,45,32,32,23,2
759,74.64112877845764,26,31,44,101,48,35,40,23,2
760,74.65530705451965,23,26,41,96,47,31,36,26,2
761,74.67839908599854,24,28,39,103,45,31,33,25,2
762,74.70107889175415,27,28,40,102,46,32,32,27,2
763,74.71528458595276,29,29,38,102,43,31,34,27,2
764,74.73862791061401,29,25,35,118,41,28,25,27,2
765,74.76107096672058,30,27,34,120,41,28,25,26,2
766,74.77528071403503,32,24,31,114,42,29,29,27,2
767,74.80598640441895,32,26,30,113,40,29,29,26,2
768,74.8211498260498,31,25,30,104,39,27,29,25,2
769,74.8434009552002,32,25,32,108,38,29,28,27,2
770,74.85855460166931,31,24,33,110,36,27,27,27,2
771,74.88083243370056,29,23,32,105,25,25,27,26,2
772,74.9034948348999,24,21,32,103,26,26,30,27,2
773,74.9185860157013,26,25,36,108,32,28,34,26,2
774,74.94831991195679,24,24,35,106,36,25,33,27,2
775,74.9634964466095,23,23,41,117,41,26,35,25,2
776,74.98622846603394,26,28,41,114,42,26,35,27,2
777,75.00088953971863,26,29,43,114,45,28,33,28,2
778,75.02354168891907,25,28,48,134,45,25,27,28,2
779,75.03860235214233,26,31,48,118,46,26,29,27,2
780,75.06107783317566,27,31,45,119,41,25,31,29,2
781,75.08337068557739,23,27,42,119,40,25,28,28,2
782,75.09835147857666,25,30,44,126,42,24,30,26,2
783,75.12099647521973,23,28,32,95,39,25,30,27,2
784,75.14351606369019,24,25,35,101,36,24,31,25,2
785,75.15876293182373,22,24,39,125,39,25,28,25,2
786,75.18049144744873,24,28,40,127,37,27,31,23,2
787,75.20285058021545,21,22,35,119,31,24,26,24,2
788,75.21760320663452,20,23,36,122,32,24,28,23,2
789,75.24082159996033,22,24,35,124,33,25,26,24,2
790,75.26328611373901,26,24,29,85,35,25,29,24,2
791,75.27716445922852,25,23,32,110,37,26,26,24,2
792,75.30078887939453,25,24,33,112,43,26,31,25,2
793,75.32336282730103,28,31,38,113,46,27,31,29,2
794,75.3375391960144,26,32,37,101,44,27,31,28,2
795,75.3611068725586,25,31,37,116,43,26,31,28,2
796,75.38364553451538,26,29,36,93,43,24,31,31,2
797,75.39820194244385,28,29,40,112,41,26,31,35,2
798,75.42098426818848,29,23,37,114,38,25,33,31,2
799,75.44350504875183,32,23,35,112,38,25,34,31,2
800,75.45854640007019,30,23,34,96,35,30,33,31,2
801,75.48108148574829,30,26,39,114,48,30,31,28,2
802,75.5038321018219,29,25,36,93,46,27,30,27,2
803,75.51788568496704,27,23,39,112,47,29,28,28,2
804,75.54114365577698,27,24,41,117,49,28,27,29,2
805,75.56340837478638,27,26,40,116,50,22,25,28,2
806,75.57881188392639,28,24,36,100,41,24,33,28,2
807,75.60094285011292,30,25,35,103,41,24,30,25,2
808,75.62345695495605,30,24,29,74,41,25,32,24,2
809,75.63768100738525,28,23,29,72,39,24,32,25,2
810,75.66124486923218,29,22,39,103,40,25,33,27,2
811,75.68363690376282,28,21,38,108,37,28,25,28,2
812,75.69793486595154,27,21,41,112,38,28,25,27,2
813,75.72079300880432,25,22,40,112,35,25,23,30,2
814,75.74333572387695,25,24,41,111,34,29,28,28,2
815,75.75765252113342,28,27,37,92,39,32,30,29,2
816,75.78082418441772,28,26,39,108,39,29,30,28,2
817,75.80385708808899,27,26,40,122,42,30,29,27,2
818,75.82584285736084,28,27,48,134,44,30,32,27,2
819,75.84056687355042,31,27,47,134,45,27,31,30,2
820,75.8633804321289,28,27,45,129,45,26,30,30,2
821,75.88583779335022,29,26,41,109,43,24,31,31,2
822,75.90085196495056,30,27,40,101,39,23,31,32,2
823,75.9234869480133,31,29,36,100,43,23,31,31,2
824,75.9533588886261,29,29,35,100,46,24,32,28,2
825,75.96086931228638,29,27,33,97,39,21,32,26,2
826,75.98328685760498,27,26,34,95,39,24,32,27,2
827,76.00591564178467,33,28,31,76,43,27,36,26,2
828,76.02095532417297,33,26,38,126,38,28,34,26,2
829,76.04345178604126,32,28,41,134,34,27,32,25,2
830,76.06621789932251,31,27,43,138,37,28,31,26,2
831,76.08081722259521,33,28,43,140,37,28,30,26,2
832,76.10336637496948,28,26,45,142,39,27,27,25,2
833,76.12584352493286,29,23,33,94,39,28,26,26,2
834,76.14033794403076,32,25,33,103,45,29,29,29,2
835,76.16332197189331,33,25,33,104,46,28,28,30,2
836,76.1859917640686,32,28,34,105,47,27,30,34,2
837,76.20017647743225,29,27,32,104,44,26,27,34,2
838,76.23095440864563,26,29,43,133,49,25,30,33,2
839,76.24599957466125,23,24,43,123,44,25,28,32,2
840,76.26039052009583,22,27,42,117,41,25,37,31,2
841,76.2833514213562,22,25,41,116,40,24,37,26,2
842,76.30604577064514,24,28,43,116,38,23,37,30,2
843,76.32050561904907,24,26,36,102,31,23,36,30,2
844,76.34337949752808,24,30,35,102,30,24,35,29,2
845,76.37325477600098,26,26,37,105,31,29,28,30,2
846,76.38395857810974,26,26,36,104,36,30,28,29,2
847,76.40337228775024,25,24,34,102,34,29,27,27,2
848,76.42620730400085,27,24,38,123,34,30,26,26,2
849,76.44022607803345,26,21,39,127,36,29,26,26,2
850,76.46347546577454,25,23,38,126,36,26,25,24,2
851,76.48610830307007,26,26,41,128,33,27,27,27,2
852,76.50023150444031,26,25,40,133,35,28,29,28,2
853,76.52382135391235,25,26,36,139,35,26,28,29,2
854,76.54631900787354,28,26,38,137,34,27,27,29,2
855,76.56007862091064,27,26,38,134,33,25,27,29,2
856,76.58442974090576,27,25,35,133,34,24,31,27,2
857,76.60580539703369,29,26,35,135,33,24,31,26,2
858,76.62868309020996,30,24,36,113,32,23,34,25,2
859,76.64361190795898,29,27,36,111,35,24,41,25,2
860,76.66626191139221,29,27,37,113,39,26,40,28,2
861,76.68013405799866,29,27,37,112,37,26,36,29,2
862,76.7108633518219,28,26,38,121,37,29,34,30,2
863,76.72583508491516,30,28,38,109,39,30,34,32,2
864,76.74784564971924,29,25,34,105,36,28,27,37,2
865,76.76285791397095,28,24,32,107,32,26,29,36,2
866,76.7858955860138,30,26,36,109,38,27,32,40,2
867,76.80878949165344,29,29,45,132,43,24,32,38,2
868,76.83082747459412,26,27,41,119,42,25,32,37,2
869,76.84622001647949,25,27,45,131,42,25,33,31,2
870,76.86835861206055,29,30,47,135,50,27,34,31,2
871,76.88338661193848,29,27,44,133,46,27,34,27,2
872,76.90581917762756,29,24,37,117,42,28,35,29,2
873,76.92886757850647,29,24,37,115,41,27,36,30,2
874,76.94376635551453,32,25,35,108,42,27,36,30,2
875,76.96576118469238,29,24,33,101,34,27,33,30,2
876,76.98847532272339,30,25,39,116,40,29,32,28,2
877,77.00334477424622,31,24,40,122,43,30,30,25,2
878,77.03347325325012,31,26,42,120,45,30,27,26,2
879,77.04841232299805,31,26,38,116,43,29,30,28,2
880,77.06355428695679,32,26,39,117,42,29,31,29,2
881,77.08616590499878,29,31,36,120,38,33,34,29,2
882,77.10865664482117,27,31,35,101,38,31,36,30,2
883,77.12289333343506,28,29,33,105,38,32,36,30,2
884,77.14586210250854,28,31,40,121,40,32,38,28,2
885,77.16882991790771,28,32,38,122,41,31,38,26,2
886,77.18271899223328,29,28,36,110,42,26,34,26,2
887,77.20588278770447,32,29,34,113,42,24,33,27,2
888,77.22861075401306,30,34,33,120,45,23,33,27,2
889,77.24301528930664,29,30,27,104,42,23,29,26,2
890,77.26651310920715,30,28,26,105,41,23,31,28,2
891,77.28834557533264,28,26,28,115,37,21,31,30,2
892,77.30303311347961,24,24,28,112,33,21,32,31,2
893,77.32658219337463,26,21,29,104,26,22,33,31,2
894,77.34842777252197,27,23,29,98,27,22,34,31,2
895,77.36260342597961,28,23,34,102,30,21,32,29,2
896,77.38535618782043,28,24,33,91,30,23,34,27,2
897,77.40762877464294,31,25,36,100,36,24,33,24,2
898,77.4302225112915,30,22,41,110,39,25,35,26,2
899,77.44700741767883,28,23,45,123,42,26,38,30,2
900,77.46782493591309,27,22,41,117,40,29,39,28,2
901,77.49019694328308,28,23,42,113,44,29,37,28,2
902,77.50694346427917,27,22,41,114,43,27,39,31,2
903,77.52845454216003,28,22,37,112,41,27,38,31,2
904,77.5501229763031,31,25,34,101,39,28,32,29,2
905,77.56696057319641,31,26,36,108,38,26,33,30,2
906,77.58805060386658,31,33,38,112,36,26,33,31,2
907,77.61756420135498,30,33,40,109,36,25,29,30,2
908,77.6274847984314,30,36,38,100,35,26,29,31,2
909,77.6481409072876,31,36,38,101,35,25,30,32,2
910,77.6702835559845,30,35,37,98,35,27,27,31,2
911,77.68834972381592,32,29,34,109,37,32,32,31,2
912,77.70779085159302,31,28,34,93,46,33,37,31,2
913,77.73767828941345,32,27,34,94,47,32,37,27,2
914,77.7473247051239,32,26,44,122,52,33,37,28,2
915,77.76775217056274,32,27,45,122,52,32,36,29,2
916,77.79057621955872,27,28,49,143,52,29,32,28,2
917,77.80751419067383,28,30,51,147,44,28,28,27,2
918,77.82750582695007,29,32,54,149,48,29,31,33,2
919,77.86694836616516,26,29,43,126,44,32,40,31,2
920,77.86916446685791,26,30,43,127,45,33,42,34,2
921,77.88812112808228,26,28,39,110,44,33,43,35,2
922,77.91036987304688,27,27,37,109,42,33,46,35,2
923,77.92782258987427,25,24,34,113,40,32,45,32,2
924,77.94778752326965,28,25,36,113,38,29,40,32,2
925,77.97014284133911,27,23,34,126,40,29,40,30,2
926,77.98706197738647,29,24,38,119,38,32,44,30,2
927,78.00799512863159,26,21,36,122,40,36,42,30,2
928,78.0303726196289,26,23,35,116,41,38,40,28,2
929,78.04751992225647,23,25,33,112,39,37,38,27,2
930,78.06757616996765,23,25,40,123,43,35,39,25,2
931,78.09011363983154,23,25,34,111,42,30,32,22,2
932,78.10799503326416,24,24,32,99,42,26,30,22,2
933,78.12797665596008,28,26,34,100,43,23,31,22,2
934,78.15155959129333,28,22,36,115,45,24,32,22,2
935,78.16679334640503,27,23,34,95,44,26,36,25,2
936,78.18750834465027,30,25,35,96,46,28,35,27,2
937,78.21003103256226,30,24,36,102,43,31,34,30,2
938,78.22675061225891,27,22,35,102,41,31,34,30,2
939,78.24761819839478,29,25,35,117,41,30,33,29,2
940,78.27075266838074,29,24,30,108,35,29,27,29,2
941,78.28696155548096,26,24,32,115,36,28,31,27,2
942,78.3078076839447,26,25,32,137,42,26,33,26,2
943,78.33049583435059,25,24,30,139,40,24,35,25,2
944,78.34737348556519,24,21,28,117,41,25,34,25,2
945,78.3676815032959,25,25,33,125,44,25,35,26,2
946,78.38960289955139,27,23,34,132,42,25,33,27,2
947,78.408127784729,27,23,34,109,36,26,31,26,2
948,78.4298186302185,26,23,33,110,37,26,30,29,2
949,78.45005822181702,26,24,42,118,41,27,36,30,2
950,78.46694850921631,26,21,44,130,44,29,42,29,2
951,78.48778510093689,24,22,42,131,44,27,42,28,2
952,78.51078081130981,27,22,42,126,47,25,41,27,2
953,78.53520154953003,29,24,43,120,47,26,41,25,2
954,78.549232006073,29,31,39,121,44,24,35,28,2
955,78.57041335105896,29,31,34,122,39,21,27,30,2
956,78.5885078907013,31,31,33,114,38,21,26,30,2
957,78.60766577720642,29,31,34,117,38,21,26,31,2
958,78.63014245033264,27,32,36,117,35,23,25,32,2
959,78.65254306793213,29,25,36,125,35,22,26,27,2
960,78.66778469085693,29,25,37,118,35,22,26,23,2
961,78.69013404846191,27,24,37,114,35,31,28,25,2
962,78.71282720565796,30,27,38,115,35,35,29,24,2
963,78.72998428344727,31,24,38,123,39,34,28,22,2
964,78.75018358230591,29,24,39,123,38,37,30,23,2
965,78.77517509460449,31,24,35,108,45,38,34,25,2
966,78.78773188591003,32,32,37,106,44,31,32,23,2
967,78.8104043006897,30,31,33,101,41,26,31,27,2
968,78.83270263671875,29,33,40,128,42,26,34,30,2
969,78.84772801399231,27,32,36,126,46,25,37,30,2
970,78.87005615234375,25,32,37,124,41,25,35,29,2
971,78.89279651641846,22,24,34,121,41,26,35,31,2
972,78.90833449363708,23,24,34,132,43,28,35,27,2
973,78.93015003204346,26,23,32,121,38,27,36,25,2
974,78.95252704620361,28,23,34,111,38,27,35,24,2
975,78.97103261947632,28,24,33,110,36,27,37,28,2
976,78.99024677276611,29,23,35,119,34,29,39,29,2
977,79.01258039474487,29,22,36,132,35,28,40,31,2
978,79.02763843536377,29,23,29,110,35,29,38,30,2
979,79.05032587051392,30,23,30,109,31,31,39,32,2
980,79.07264280319214,31,21,30,108,31,30,39,30,2
981,79.08753848075867,30,24,30,121,34,28,38,26,2
982,79.11016488075256,28,25,32,100,36,27,37,23,2
983,79.13278079032898,26,27,37,106,35,25,37,26,2
984,79.14789962768555,25,31,35,99,36,21,30,25,2
985,79.17030453681946,27,31,37,109,38,21,31,25,2
986,79.19291806221008,29,29,37,91,35,26,36,26,2
987,79.2080545425415,30,29,45,109,39,29,39,27,2
988,79.23021793365479,31,29,47,124,44,29,39,25,2
989,79.25257110595703,30,24,48,145,45,30,41,25,2
990,79.26748490333557,28,23,47,146,52,32,40,24,2
991,79.29006266593933,24,25,48,153,52,28,34,25,2
992,79.3126769065857,24,27,41,136,49,30,33,28,2
993,79.3285448551178,23,25,37,117,45,28,32,30,2
994,79.35015439987183,24,25,37,110,48,28,33,29,2
995,79.37314915657043,28,25,36,101,39,27,30,29,2
996,79.39476108551025,30,25,36,89,40,27,32,28,2
997,79.41051721572876,33,23,31,90,38,23,29,26,2
998,79.43258595466614,32,20,26,88,41,25,34,26,2
999,79.44754767417908,31,24,25,85,39,25,35,26,2
1000,79.47000098228455,27,25,28,89,37,25,35,27,2
1001,79.49263310432434,26,26,28,99,36,27,34,28,2
1002,79.5078980922699,23,25,28,102,36,26,34,29,2
1003,79.52989506721497,24,27,29,123,36,25,31,28,2
1004,79.55228900909424,26,29,27,119,34,26,28,26,2
1005,79.56766772270203,26,28,26,118,34,26,28,23,2
1006,79.59017205238342,27,27,29,129,43,26,28,22,2
